Timestamp,How many times have you been tested for COVID?,Gender,Postcode of where you live during semester,How long has it been since you last went to the dentist?,"On average, how many hours per week did you spend on university work last semester?",What is your favourite social media platform?,Did you have a dog or a cat when you were a child?,Do you currently live with your parents?,How many hours a week do you spend exercising?,What is your eye colour?,Do you have asthma?,"On average, how many hours per week did you work in paid employment in semester 1?",What is your favourite season of the year?,What is your shoe size?,How tall are you?,How often do you floss your teeth?,Do you wear glasses or contacts?,What is your dominant hand?,How do you like your steak cooked?,"On a scale from 0 to 10, please indicate how stressed you have felt in the past week."
02/09/2020 22:07:21,1,Female,2154,Less than 6 months,38,N/A,No,Yes,0,Brown,No,0,Winter,6,160,Weekly,Yes,Right handed,Medium-rare,7
02/09/2020 22:08:45,0,Male,441000,More than 2 years,40,Bilibili / Youtobe,No,Yes,2,Black,No,0,Autumn,42,1.78,Less than once a week,No,Right handed,Medium,9
02/09/2020 22:08:59,0,Male,2120,Less than 6 months,3,Facebook,No,Yes,8,Black,No,2,Autumn,10,178,Less than once a week,No,Right handed,I don't eat beef,4
02/09/2020 22:09:01,5,Male,511442,More than 2 years,40,WeChat,No,Yes,8,black,No,0,Spring,45,175,Every day,Yes,Right handed,Medium,9
02/09/2020 22:11:07,0,Male,2042,More than 2 years,6,Facebook,No,Yes,5,Black,Yes,8,Autumn,,,Every day,Yes,Right handed,Medium-well done,2
02/09/2020 22:12:31,0,Male,2046,Between 12 months and 2 years,30,Reddit,Yes,Yes,4,Green,No,10,Autumn,12,193,Less than once a week,Yes,Right handed,Medium-rare,3
02/09/2020 22:14:34,0,Male,2071,Between 6 and 12 months,36,,Yes,Yes,5,Brown,Yes,10,Spring,11,174,Every day,No,Right handed,Medium-well done,6
02/09/2020 22:16:17,0,male,2008,More than 2 years,50,FaceBook,No,No,3,black,No,,Summer,13,187,Less than once a week,Yes,Right handed,Medium-well done,6
02/09/2020 22:20:04,1,Female,2118,Less than 6 months,40,tiktok,Yes,Yes,0,Brown,No,10,Autumn,7,165,Less than once a week,No,Right handed,Medium-rare,5
02/09/2020 22:31:27,0,Male,2009,Less than 6 months,20,Reddit,No,Yes,7,Brown,No,10,Winter,42,176,Less than once a week,Yes,Right handed,Medium-rare,7
02/09/2020 22:31:51,,,,,,,,,,,,,,,,,,,,
02/09/2020 22:32:56,2,female,341000,Less than 6 months,50,"wechat, instagram",No,Yes,3,brown,Yes,0,Autumn,5,162,Less than once a week,Yes,Right handed,Medium,6
02/09/2020 22:33:04,0,Male,2195,More than 2 years,25,Instagram,No,Yes,5,Black,No,12,Winter,9,180,Weekly,No,Left handed,Well done,8
02/09/2020 22:33:20,0,Male,2125,Between 6 and 12 months,30,Reddit,No,Yes,2,Brown,Yes,0,Spring,12,188,Every day,Yes,Right handed,I don't eat beef,6
02/09/2020 22:33:40,,,,,,,,,,,,,,,,,,,,
02/09/2020 22:35:03,0,Female,,Between 6 and 12 months,,,No,No,5,Brown,No,0,Autumn,36,164,Every day,No,Right handed,Medium-rare,4
02/09/2020 22:35:35,0,Female,2007,Between 12 months and 2 years,20,Wechat,Yes,No,0,Brown,No,0,Spring,7,158,Less than once a week,No,Right handed,Well done,9
02/09/2020 22:42:30,0,Male,2007,Between 12 months and 2 years,10,facebook,No,Yes,16,brown,No,0,Autumn,12,1.7,Less than once a week,No,Ambidextrous,Medium-rare,1
02/09/2020 22:43:18,0,Male,2144,Between 6 and 12 months,40,reddit,No,No,1,brown,No,0,Summer,255,165,Weekly,Yes,Right handed,Medium,4
02/09/2020 22:44:29,1,Male,2007,Between 12 months and 2 years,20,Club Penguin,No,Yes,0.5,Brown,No,48,Spring,7.5,165,Less than once a week,Yes,Right handed,Medium-rare,10
02/09/2020 22:47:12,0,Male,2153,Less than 6 months,25,Twitter,No,Yes,5,Brown,No,18,Winter,7,167,Less than once a week,No,Right handed,Medium-rare,6
02/09/2020 22:52:33,0,Female,2077,Between 6 and 12 months,40,Facebook,No,Yes,5,Brown,No,10,Autumn,7.5,171,Less than once a week,No,Right handed,Medium-rare,9
02/09/2020 22:53:29,0,Male,2765,More than 2 years,60,Messenger,No,Yes,4,Black,No,10,Spring,9,169,Less than once a week,No,Right handed,I don't eat beef,5
02/09/2020 22:59:14,0,Female,2050,Between 12 months and 2 years,40,Quora,No,No,1,dark gray,No,5,Autumn,,,Every day,,Right handed,,3
02/09/2020 23:00:15,1,Male,2093,Between 12 months and 2 years,30,Reddit,No,Yes,2,Green,No,0,Spring,10,170,Less than once a week,No,Right handed,Medium-rare,2
02/09/2020 23:00:28,0,Male,2008,Less than 6 months,40,Facebook,Yes,No,5,Dark Brown,No,0,Spring,9.5,175,Every day,No,Right handed,Rare,3
02/09/2020 23:29:14,0,Female,2042,Between 12 months and 2 years,12,YouTube,Yes,No,1,dark brown,No,0,Spring,38,151,Most days,No,Right handed,Well done,4
02/09/2020 23:42:26,1,Male,2110,Between 6 and 12 months,0,Facebook,Yes,Yes,2,Brown,No,3,Winter,12,180,Weekly,No,Right handed,Rare,0
02/09/2020 23:45:58,1,F,2769,Less than 6 months,30,Instagram,No,Yes,10,brown,No,5,Spring,9.5,169,Most days,Yes,Right handed,Medium,5
02/09/2020 23:47:52,0,male,2007,More than 2 years,40,twitter,Yes,No,10,black,No,0,Spring,10,183,Weekly,Yes,Right handed,Well done,4
03/09/2020 00:18:41,3,Female,450000,Between 6 and 12 months,30,Tiktok,Yes,Yes,14,black,No,0,Summer,38,163,Every day,No,Right handed,Medium-well done,8
03/09/2020 00:39:18,0,M,2135,Less than 6 months,4,Instagram,Yes,Yes,7,Dark Brown,Yes,0,Spring,11,176,Weekly,No,Right handed,Medium,1
03/09/2020 00:44:19,0,Female,2016,Between 6 and 12 months,84,instagram,Yes,No,3,black,No,0,Summer,25,174,Every day,Yes,Right handed,Medium-rare,7
03/09/2020 01:11:52,1,Male,2018,Between 6 and 12 months,20,Instagram,Yes,Yes,1,Brown,No,0,Winter,45,170,Weekly,Yes,Right handed,Medium-rare,7
03/09/2020 01:31:07,1,male,433000,More than 2 years,40,WeChat,No,Yes,10,brown,No,1,Autumn,42,183,Weekly,Yes,Right handed,Medium-well done,8
03/09/2020 01:42:26,0,male,,Between 12 months and 2 years,40,wechat,No,Yes,8,brown,No,0,Autumn,42,180,,Yes,Right handed,Medium-well done,7
03/09/2020 06:53:19,2,Male,100000,Less than 6 months,20,facebook,Yes,Yes,3,black,No,0,Winter,42,175,Most days,Yes,Right handed,Medium-rare,2
03/09/2020 07:43:10,0,Male,2155,Between 6 and 12 months,10,Reddit,No,Yes,4,Brown,No,8,Spring,12,181,Less than once a week,Yes,Right handed,Well done,6
03/09/2020 07:48:03,0,Male,2630,Between 12 months and 2 years,98,Facebook,Yes,Yes,5,Brown,Yes,0,Autumn,10,183,Weekly,No,Right handed,Medium-rare,7
03/09/2020 07:48:08,0,Male,2070,Less than 6 months,35,Reddit,Yes,Yes,0,Brown,Yes,0,Winter,11,1.5,Most days,No,Right handed,Medium-rare,2
03/09/2020 08:02:32,0,Male,2073,Between 12 months and 2 years,35,facebook,No,Yes,7,black,No,3,Spring,6.5,175,Weekly,Yes,Right handed,Medium-rare,3
03/09/2020 08:17:39,0,Female,2137,Between 6 and 12 months,25,,No,Yes,,Brown,No,15,Autumn,,,Every day,Yes,Right handed,Medium-rare,7
03/09/2020 08:22:53,0,Female,450000,More than 2 years,52,Wechat,No,Yes,0,Brown,No,0,Spring,38,160,Less than once a week,Yes,Right handed,Medium,9
03/09/2020 08:29:00,2,Male,2075,Less than 6 months,25,,Yes,Yes,2.5,Blue,No,8,Autumn,10.5,174,Weekly,Yes,Right handed,I don't eat beef,8
03/09/2020 08:45:28,0,Female,2121,Between 6 and 12 months,40,Twitter,No,Yes,7,Brown,No,20,Summer,8,160,Weekly,No,Right handed,Medium-rare,3
03/09/2020 08:47:48,0,Male,2118,Less than 6 months,20,Reddit,No,Yes,5,Brown,No,0,Winter,10,176,Most days,No,Right handed,Medium-rare,6
03/09/2020 09:32:34,0,Male,2008,Between 12 months and 2 years,40,None,Yes,No,5,Brown,No,10,Winter,43,1.76,Every day,Yes,Right handed,Medium-well done,5
03/09/2020 09:51:17,0,Female,2067,More than 2 years,25,Instagram,No,No,3,Brown,No,1,Spring,39,169,Less than once a week,Yes,Left handed,Medium-rare,6
03/09/2020 09:59:36,1,male,,More than 2 years,15,,No,Yes,5,black,No,0,Summer,10,180,Every day,Yes,Right handed,Medium-well done,5
03/09/2020 10:16:29,1,Female,2016,Between 12 months and 2 years,39,Instagram,No,No,1,Brown,No,0,Autumn,6,154,Most days,Yes,Right handed,Medium,7
03/09/2020 10:50:04,0,male,2017,Between 12 months and 2 years,25,Twitter,Yes,No,2,Black,No,25,Summer,8,175,Less than once a week,Yes,Right handed,Medium-rare,8
03/09/2020 10:52:52,0,female,,Less than 6 months,40,tiktok,Yes,Yes,3,blue,Yes,12,Winter,8.5,173,Every day,No,Right handed,I don't eat beef,8
03/09/2020 11:26:28,0,female,2131,Between 12 months and 2 years,40,instagram,No,No,2,brown,No,0,Winter,38,160,Most days,Yes,Right handed,Medium,6
03/09/2020 11:38:33,0,m,2008,Between 6 and 12 months,40,instagram,No,No,5,brown,No,0,Spring,265,183,Less than once a week,No,Left handed,Medium-rare,2
03/09/2020 11:41:03,0,Male,2060,Between 6 and 12 months,20,Tiktok,No,Yes,5,brown ,No,2,Summer,11,191,Less than once a week,No,Right handed,Medium-rare,6
03/09/2020 12:09:38,0,FEMALE,2020,Between 6 and 12 months,0,INSTAGRAM,No,No,2.5,BROWN,No,10,Autumn,36.5,158,Less than once a week,Yes,Right handed,Well done,6
03/09/2020 12:10:04,0,male,2103,Less than 6 months,40,messenger,Yes,No,7,hazel,No,0,Spring,11,178,Weekly,Yes,Right handed,Medium-rare,10
03/09/2020 12:10:08,0,Male,2069,Less than 6 months,40,TikTok,Yes,Yes,10,Blue,No,15,Summer,10,178,Less than once a week,No,Right handed,Medium-rare,4
03/09/2020 12:10:15,0,Male,2000,Between 6 and 12 months,10,Tiktok,Yes,No,7,brown,No,0,Summer,8,172,Every day,Yes,Right handed,Medium-well done,7
03/09/2020 12:29:20,2,Male,,Between 12 months and 2 years,35,4chan,Yes,Yes,5,black,No,0,Spring,13,,Less than once a week,Yes,Ambidextrous,I don't eat beef,10
03/09/2020 12:30:21,0,Female,2007,More than 2 years,30,Wechat,No,No,1,Hazel,No,7,Spring,37,158,Weekly,Yes,Right handed,Medium,9
03/09/2020 12:45:14,0,Female,2768,Between 6 and 12 months,8,Instagram,No,Yes,3,Brown,No,20,Autumn,6.5,168,Weekly,Yes,Right handed,Medium-rare,9
03/09/2020 12:48:40,2,male,2008,Between 12 months and 2 years,24,ins,No,Yes,3,brown,No,0,Autumn,12,186,Every day,Yes,Right handed,Medium-rare,4
03/09/2020 13:28:05,0,Male,2130,More than 2 years,6,Wechat,No,Yes,0,Black,No,0,Summer,39,170,Less than once a week,No,Right handed,Medium-well done,3
03/09/2020 13:45:47,0,Male,,Between 6 and 12 months,12,None of them,No,Yes,0,Brown,No,27,Spring,11,174,,No,Right handed,Medium-rare,
03/09/2020 13:48:12,1,Female,2037,Between 6 and 12 months,30,instagram,Yes,No,2,Blue,No,8,Summer,7,152,Every day,Yes,Right handed,Medium-rare,1
03/09/2020 14:08:19,0,male,2008,Between 12 months and 2 years,50,WeChat,Yes,Yes,8,Black,No,0,Autumn,41.5,175,Every day,Yes,Right handed,Medium,5
03/09/2020 14:10:18,0,Female,2016,,40,Twitter,No,Yes,,Dark brown,No,,Winter,9,165,,Yes,Right handed,Medium-rare,7
03/09/2020 14:25:17,0,Male,,Between 6 and 12 months,0,,No,Yes,,,No,,Winter,,,Less than once a week,Yes,Right handed,Medium-rare,8
03/09/2020 14:25:48,1,M,2233,Between 6 and 12 months,7,Instragram,Yes,Yes,3,Green,No,25,Spring,9,170,Weekly,No,Left handed,Medium-rare,3
03/09/2020 14:25:52,0,Male,2120,Between 6 and 12 months,45,Facebook,Yes,Yes,8,Blue,No,8,Spring,8,175,Less than once a week,No,Right handed,Medium-rare,6
03/09/2020 14:26:09,0,Female,2230,Between 6 and 12 months,15,Reddit,No,Yes,4,Brown,Yes,16,Spring,6,149.5,Less than once a week,Yes,Right handed,Rare,5
03/09/2020 14:26:54,0,Female,2229,Between 6 and 12 months,25,Instagram,Yes,Yes,4,hazel,No,30,Spring,9,172,Weekly,Yes,Right handed,Medium-well done,10
03/09/2020 14:26:59,1,Male,2088,Less than 6 months,24,Instagram,Yes,Yes,3,Blue,Yes,20,Spring,12,183,Weekly,No,Right handed,Medium-rare,7
03/09/2020 14:27:56,1,Female,,Less than 6 months,55,WeChat,No,Yes,3.5,black,No,0,Summer,37,155,Weekly,Yes,Right handed,Medium,7
03/09/2020 14:29:12,0,MALE,2018,Between 6 and 12 months,25,YouTube,No,No,4,Black,No,0,Summer,44.5,181,Less than once a week,Yes,Ambidextrous,Medium,5
03/09/2020 14:29:16,0,Female,2773,Between 6 and 12 months,45,facebook,Yes,Yes,5,brown,No,10,Spring,7.5,173,Every day,No,Right handed,Medium,4
03/09/2020 14:29:48,1,female,,Less than 6 months,35,wechat,Yes,Yes,9,black,No,0,Summer,240,167,Most days,Yes,Right handed,Medium-well done,5
03/09/2020 14:30:50,0,Female,2131,More than 2 years,50,Instagram,No,No,1,Dark Brown,No,0,Spring,37,175,Less than once a week,Yes,Right handed,I don't eat beef,5
03/09/2020 14:36:18,0,female,2134,Between 12 months and 2 years,25,WeChat,No,No,2,black,No,0,Summer,6,159,Less than once a week,Yes,Right handed,Medium,8
03/09/2020 14:45:55,0,Male,3124,Less than 6 months,40,Twitter,Yes,Yes,6,Blue,No,15,Summer,11.5,183,Weekly,Yes,Left handed,Medium-rare,8
03/09/2020 15:00:11,0,male,2220,More than 2 years,25,Ed,No,No,0,black,No,0,Winter,42.5,170,Every day,Yes,Right handed,Medium-well done,10
03/09/2020 15:22:50,0,F,2020,Between 12 months and 2 years,45,no,Yes,No,4,black,No,0,Autumn,37,160,Less than once a week,No,Right handed,Medium-well done,7
03/09/2020 15:32:37,0,Male,2075,Between 12 months and 2 years,20,Facebook,No,Yes,6,brown,No,3,Summer,11,180,Less than once a week,No,Left handed,Medium-rare,4
03/09/2020 15:40:48,0,Male,2093,Between 12 months and 2 years,40,Messenger,Yes,Yes,4,Hazel,Yes,0,Summer,11,193,Less than once a week,No,Right handed,Medium-rare,6
03/09/2020 15:42:37,0,Male,,Between 6 and 12 months,42,,No,No,3.5,brown,No,0,Summer,9,183,Less than once a week,Yes,Right handed,Medium-well done,5
03/09/2020 15:45:23,0,m,2150,Between 6 and 12 months,15,facebook,Yes,Yes,8,blue,No,5,Spring,10,178,Less than once a week,Yes,Right handed,Medium,7
03/09/2020 15:47:18,6,non binary,3151,Between 6 and 12 months,2,linkedin,No,No,5,black,No,25,Winter,6,1.47,Most days,Yes,Ambidextrous,Rare,5
03/09/2020 15:51:05,3,mAle,2173,Less than 6 months,170,canvas discussion board,No,No,70,orange,Yes,70,Summer,9,195,Weekly,No,Ambidextrous,Medium,6
03/09/2020 16:20:21,0,Male,2141,Between 12 months and 2 years,16,Facebook,Yes,No,10,Brown ,No,3,Summer,11,179,Less than once a week,No,Right handed,Medium-rare,8
03/09/2020 16:46:54,0,Male,2118,Between 6 and 12 months,0,Discord,Yes,Yes,3,Brown,Yes,6,Autumn,9,171,Less than once a week,Yes,Left handed,Medium-rare,6
03/09/2020 16:47:33,1,Male,2232,Less than 6 months,20,Reddit,Yes,Yes,4,Green,No,10,Spring,10,180,Less than once a week,No,Left handed,Medium-rare,5
03/09/2020 16:51:15,1,male,,Less than 6 months,10,youtube,No,Yes,8,black,No,0,Summer,44,172,Every day,Yes,Right handed,Medium-well done,5
03/09/2020 16:52:48,0,Male,2008,Between 6 and 12 months,2,Instagram,No,No,2,Black,No,0,Autumn,7,165,Less than once a week,Yes,Right handed,I don't eat beef,5
03/09/2020 16:53:57,0,M,2113,Between 6 and 12 months,40,Facebook,No,Yes,1,Dark Brown,No,0,Spring,10,180,Less than once a week,No,Left handed,Medium,2
03/09/2020 17:13:50,0,Male,2560,Less than 6 months,36,Reddit,No,Yes,3.5,Brown,No,0,Winter,8,169,Every day,Yes,Left handed,Medium-rare,4
03/09/2020 17:14:48,0,Female,2113,Less than 6 months,0,Instangram,Yes,Yes,8,Brown,No,0,Summer,35,155,Every day,Yes,Right handed,Medium,10
03/09/2020 17:54:27,0,Male,2104,Between 6 and 12 months,40,StackedExchange,No,No,5,Hazel,Yes,20,Spring,12,191,,No,Right handed,Medium-well done,9
03/09/2020 18:03:25,4,Male,2042,Between 6 and 12 months,40,Google+,Yes,No,0,Yellow,No,0,Winter,29,193,Less than once a week,No,Ambidextrous,Medium-well done,10
03/09/2020 18:09:43,0,Male,2014,Between 6 and 12 months,30,Facebook,No,Yes,7,Brown,No,0,Autumn,8,182,Less than once a week,No,Right handed,Medium,8
03/09/2020 18:32:05,1,Male,2069,Between 6 and 12 months,5,Facebook,Yes,Yes,12,Brown,No,7,Summer,8,175,Weekly,No,Right handed,Medium-rare,0
03/09/2020 19:11:51,0,Male,2031,Between 6 and 12 months,20,WeChat,No,No,5,Brown,No,0,Summer,43,180,Less than once a week,No,Right handed,Medium-rare,5
03/09/2020 19:48:12,0,Female,2113,Less than 6 months,0,Instangram,Yes,Yes,8,Brown,No,0,Summer,35,155,Every day,Yes,Right handed,Medium,10
03/09/2020 19:56:46,10,Male,2131,More than 2 years,35,Instagram,No,No,2,black,No,4,Summer,11,182,Every day,No,Right handed,Medium-well done,9
03/09/2020 20:00:18,0,Male,2008,More than 2 years,14,Facebook,No,No,1,dark brown,No,0,Spring,7,188,Every day,Yes,Right handed,Medium-well done,3
03/09/2020 20:22:00,0,Male,2155,Less than 6 months,35,Instagram,Yes,Yes,5,Brown,No,10,Summer,10,181,Less than once a week,Yes,Right handed,I don't eat beef,5
03/09/2020 20:34:13,0,Male,2769,Between 6 and 12 months,20,Facebook,Yes,Yes,7,Black,No,9,Summer,10,181,Less than once a week,No,Right handed,I don't eat beef,8
03/09/2020 20:36:06,0,Male,,Between 12 months and 2 years,2,Instagram,No,No,7,black,No,0,Spring,43,175,Every day,Yes,Right handed,Medium-well done,5
03/09/2020 20:38:02,0,Male,2066,Between 12 months and 2 years,30,Facebook,Yes,Yes,8,Blue,No,8,Summer,9,185,Less than once a week,No,Right handed,Medium-well done,6
03/09/2020 20:43:25,3,Male,,Between 6 and 12 months,,WeChat ,No,Yes,5,black,No,0,,,,,,,,
03/09/2020 20:56:04,1,Male,2074,Less than 6 months,15,Instagram,Yes,Yes,5,Brown,No,24,Winter,10,181,Every day,No,Right handed,Medium-rare,1
03/09/2020 21:11:39,3,male,432000,More than 2 years,70,QQ,Yes,Yes,21,black,No,,Winter,43,180,Every day,Yes,Right handed,,5
03/09/2020 21:50:41,0,Male,2007,Less than 6 months,10,WeChat,No,No,0.5,Black,No,0,Summer,41,175,Weekly,Yes,Right handed,Well done,8
03/09/2020 21:51:54,0,Male,2018,Less than 6 months,30,Wechat,No,No,3,Black,Yes,35,Spring,8,172,Every day,Yes,Right handed,Medium-rare,8
03/09/2020 22:01:40,0,male,2014,Between 6 and 12 months,26,TikTok,No,Yes,4,black,No,0,Spring,9.5,172,Less than once a week,Yes,Right handed,Medium-rare,4
03/09/2020 22:31:24,0,Male,2768,Between 12 months and 2 years,25,Facebook,No,Yes,,Brown,No,20,Spring,,,,Yes,Right handed,I don't eat beef,7
03/09/2020 22:35:03,0,Male,2050,More than 2 years,15,Tiktok,No,No,3,Brown,No,1,Summer,44,180,Less than once a week,Yes,Right handed,Well done,7
03/09/2020 22:44:49,0,Male,2122,Between 6 and 12 months,40,Snapchat,Yes,Yes,6,Brown,Yes,4,Summer,9.5,177,Less than once a week,No,Ambidextrous,Medium-rare,2
03/09/2020 23:37:12,1,Female,2073,Between 12 months and 2 years,40,Tik Tok,No,Yes,2,Hazel,No,3,Spring,8,172,Less than once a week,Yes,Right handed,Medium-rare,8
03/09/2020 23:40:17,3,male,,More than 2 years,22,,No,Yes,10,,No,0,Autumn,,,Less than once a week,No,Right handed,Medium-well done,9
04/09/2020 00:04:41,0,Male,2131,Between 6 and 12 months,50,YouTube,Yes,Yes,2,Brown,No,2,Autumn,10.5,175,Every day,No,Right handed,Well done,6
04/09/2020 00:10:15,1,F,2067,Between 6 and 12 months,40,Messenger,Yes,Yes,4,Dark brown,Yes,2,Spring,8,164,Less than once a week,Yes,Right handed,Medium-rare,8
04/09/2020 00:30:00,0,Male,,Less than 6 months,20,YouTube,Yes,Yes,0,Brown,Yes,20,Winter,9,165,Less than once a week,No,Left handed,Medium,2
04/09/2020 08:35:02,0,Female,2567,Between 6 and 12 months,45,,No,Yes,3,Brown,No,75,Winter,7,164,Weekly,No,Ambidextrous,I don't eat beef,10
04/09/2020 09:31:35,0,Male,2229,Between 6 and 12 months,45,Facebook,Yes,Yes,6,Brown,No,7,Summer,9,180,Every day,No,Right handed,Medium,5
04/09/2020 09:32:56,0,Male,2072,Between 6 and 12 months,30,Facebook,No,Yes,0,Brown,No,3,Spring,44,178,Less than once a week,No,Right handed,Medium-well done,3
04/09/2020 09:48:44,0,male,2212,More than 2 years,50,wechat,No,No,5,brown,No,0,Autumn,40,175,Every day,Yes,Right handed,Medium-well done,8
04/09/2020 09:58:50,1,Non-Binary,2065,Less than 6 months,,,Yes,Yes,1,Blue,No,4,Winter,,175,Less than once a week,No,Right handed,Medium-well done,9
04/09/2020 10:38:55,0,Male,2008,Between 6 and 12 months,30,Reddit,No,Yes,5,Brown,No,0,Winter,11,180,Most days,Yes,Right handed,Medium-well done,7
04/09/2020 11:13:01,0,Male,2042,Between 6 and 12 months,20,instagram,Yes,No,6,brown,No,15,Summer,10.5,176,Less than once a week,Yes,Left handed,Medium-rare,9
04/09/2020 11:30:19,0,male,2131,More than 2 years,24,wechat,No,No,3,black,Yes,0,Winter,8.5,180,Every day,Yes,Right handed,Medium-rare,9
04/09/2020 11:38:28,0,Male,2021,Between 6 and 12 months,,,Yes,No,,Green,Yes,0,Autumn,12,185,Less than once a week,Yes,Right handed,Rare,9
04/09/2020 11:59:51,0,Male,2136,Less than 6 months,30,Reddit,No,Yes,10,Blue,No,4,Autumn,10,183,Less than once a week,No,Right handed,Medium-rare,3
04/09/2020 12:07:47,1,male,,Less than 6 months,20,ins,No,Yes,5,black,No,0,Summer,43,182,Less than once a week,Yes,Right handed,Well done,5
04/09/2020 12:22:18,1,Female,2110,Between 6 and 12 months,22,Facebook Messenger,Yes,Yes,2,Blue,No,6,Summer,40,179,Less than once a week,No,Right handed,Medium-rare,4
04/09/2020 12:47:17,2,female ,2204,Less than 6 months,50,instagram ,Yes,No,4,brown ,Yes,21,Spring,37,171,Weekly,No,Right handed,I don't eat beef,7
04/09/2020 15:17:25,1,Male,2066,Between 6 and 12 months,30,Ed,No,Yes,8,Hazel,No,10,Autumn,9,182,Most days,No,Right handed,Medium-rare,3
04/09/2020 17:47:04,0,Male,2073,Less than 6 months,20,Reddit,No,Yes,20,brown,No,6,Summer,12,182,Less than once a week,No,Right handed,Medium-rare,3
04/09/2020 17:59:38,2,Male,2220,Between 6 and 12 months,30,Facebook,No,Yes,5,Brown,Yes,0,Summer,42.5,183,Less than once a week,No,Right handed,Medium-rare,7
04/09/2020 19:24:03,0,Female,2008,Less than 6 months,35,Reddit,No,No,0,Black,No,1,Autumn,37,177,Every day,Yes,Right handed,Medium-rare,7
04/09/2020 20:06:39,0,Male,2197,Between 12 months and 2 years,20,None,No,Yes,10,Brown,No,0,Winter,12,178,Weekly,No,Right handed,Medium-rare,7
04/09/2020 23:50:13,0,Female,2154,Between 6 and 12 months,15,Instagram,No,Yes,3,brown,No,14,Summer,8,173,Weekly,Yes,Right handed,Medium,1
05/09/2020 01:43:46,1,Male,2034,Between 12 months and 2 years,20,Youtube,Yes,Yes,5,Hazel,No,20,Autumn,10,177,Less than once a week,No,Right handed,Medium-rare,9
05/09/2020 14:29:37,0,Female,2121,Between 6 and 12 months,20,,Yes,No,4,brown,No,20,Spring,5.5,162,Most days,No,Right handed,Medium-rare,7
05/09/2020 14:47:31,2,Male,2112,Between 12 months and 2 years,30,Instagram,Yes,Yes,10,dark brown,No,0,Spring,9.5,170,Weekly,Yes,Left handed,Medium-rare,8
05/09/2020 17:13:32,0,Female,6149,Between 6 and 12 months,20,instagram,Yes,No,3,Brown,No,8,Autumn,6,158,Less than once a week,Yes,Right handed,Medium-rare,7
05/09/2020 20:22:00,0,F,2037,Between 6 and 12 months,50,insta,Yes,No,7,dark brown,No,10,Spring,38,169,Most days,Yes,Right handed,Medium,7
06/09/2020 04:24:10,3,Male,2006,More than 2 years,6,Instagram,No,Yes,1,Brown,No,0,Summer,44.5,178,Less than once a week,Yes,Right handed,Well done,10
06/09/2020 10:16:38,0,Non-binary,2066,Less than 6 months,30,Twitter,Yes,Yes,7,Hazel,No,0,Winter,,1.63,Less than once a week,Yes,Right handed,Medium-well done,6
06/09/2020 13:09:49,0,Female,2223,Between 12 months and 2 years,22,Facebook,No,Yes,3,Brown,No,12,Autumn,37,162,Weekly,No,Right handed,Medium-rare,7
06/09/2020 13:25:01,2,F,2042,Between 12 months and 2 years,6,facebook,No,No,0,Green,No,2,Autumn,6,162,Less than once a week,No,Right handed,I don't eat beef,7
06/09/2020 14:57:10,0,Male,2117,Between 12 months and 2 years,10,Reddit,Yes,Yes,5,Dark Brown,No,0,Autumn,8.5,172,Most days,No,Right handed,Medium-rare,7
06/09/2020 15:18:28,0,M,2222,Between 6 and 12 months,6,,Yes,Yes,0,blue,No,2,Winter,12,180,Weekly,No,Right handed,Medium-rare,4
06/09/2020 17:41:09,0,male,330000,Between 6 and 12 months,30,youtube,Yes,Yes,4,black,No,0,Autumn,43,179,Every day,Yes,Right handed,Rare,7
06/09/2020 18:09:22,0,Female,2008,Between 6 and 12 months,40,ins,No,No,4,black,No,0,Autumn,42,180,Every day,Yes,Left handed,Medium,6
06/09/2020 19:00:09,0,Male,2074,Between 12 months and 2 years,34,Twitter,Yes,Yes,4,brown,No,0,Summer,10.5,173,Most days,No,Right handed,Medium-rare,7
06/09/2020 19:53:16,0,male,2016,Between 12 months and 2 years,26,wechat,No,No,,balck,No,0,,9,190,,Yes,Right handed,Medium-well done,6
06/09/2020 20:34:36,0,Male,2028,Between 6 and 12 months,20,Facebook,No,Yes,4,Brown,No,3,Spring,10,183,Every day,Yes,Right handed,Medium-rare,2
06/09/2020 20:55:04,0,femail,2008,Between 6 and 12 months,18,facebook,No,No,0,brown,No,5,Summer,9,170.5,Less than once a week,Yes,Right handed,Medium-rare,10
06/09/2020 21:25:09,0,Female,2018,Between 12 months and 2 years,40,Wechat,Yes,No,1,Black,No,0,Spring,37,163,Less than once a week,Yes,Right handed,Medium-rare,9
06/09/2020 21:59:08,0,Male,2152,Between 12 months and 2 years,20,Reddit,No,Yes,6,Brown,No,15,Winter,9,183,Every day,Yes,Right handed,Medium-rare,6
06/09/2020 22:09:09,5,Male,2008,Less than 6 months,56,WeChat,Yes,Yes,2,Black,No,10,Winter,43,180,Less than once a week,No,Right handed,Well done,9
07/09/2020 00:00:15,0,M,2150,Between 6 and 12 months,35,Reddit,No,Yes,6,Black,No,20,Winter,9,174,Less than once a week,Yes,Right handed,I don't eat beef,8
07/09/2020 08:27:30,0,Male,2107,Between 12 months and 2 years,0,Facebook messanger,Yes,Yes,5,Hazel,No,7,Summer,8.5,173,Less than once a week,No,Right handed,Medium-rare,7
07/09/2020 10:35:43,1,Female,2162,Between 6 and 12 months,40,facebook,Yes,Yes,1,dark brown,No,3,Summer,8,160,Less than once a week,Yes,Right handed,Medium-rare,7
07/09/2020 11:01:43,0,Female,2042,Between 6 and 12 months,30,Instagram,Yes,No,5,Dark Brown,Yes,2,Spring,7,170,Weekly,Yes,Right handed,I don't eat beef,9
07/09/2020 12:22:56,0,Female,2035,Between 6 and 12 months,30,Pinterest,No,Yes,3,Brown,No,28,Summer,6,173,Weekly,No,Right handed,I don't eat beef,7
07/09/2020 15:13:08,0,male,2012,Between 6 and 12 months,20,tiktok,Yes,Yes,7,brown,No,15,Winter,9,175,Less than once a week,No,Right handed,I don't eat beef,6
07/09/2020 16:46:13,2,F,2040,Between 6 and 12 months,40,facebook,Yes,No,5,blue,No,0,Autumn,7.5,165,Less than once a week,Yes,Right handed,Medium-rare,3
07/09/2020 17:00:46,0,female,2017,Between 6 and 12 months,28,bilibili,No,No,5,brown,No,0,Autumn,35,165,Every day,No,Right handed,Well done,9
07/09/2020 17:56:02,1,Male,2070,Between 6 and 12 months,20,Facebook,Yes,Yes,6,Blue,No,12,Summer,10,180,Less than once a week,No,Right handed,Rare,10
07/09/2020 18:26:30,0,Male,2000,Between 12 months and 2 years,30,Reddit,Yes,No,2,Brown,No,2,Winter,42.5,178,Most days,Yes,Right handed,Medium-well done,7
07/09/2020 20:53:54,0,Female,2046,Less than 6 months,30,Snapchat,No,Yes,6,Brown,No,16,Spring,7,164,Weekly,Yes,Right handed,Medium,7
07/09/2020 21:29:19,0,Female,2018,More than 2 years,40,WeChat,No,No,5,black,No,0,Summer,37,165,Most days,No,Right handed,Medium-well done,2